<!--
	Intergeo File Format Version 0.1.20080731
	written by GeoGebra 3.9.29.0 (17 July 2010)
-->
<construction>
	<elements>
		<point id="A">
			<homogeneous_coordinates>
				<double>0.0</double>
				<double>0.0</double>
				<double>1.0</double>
			</homogeneous_coordinates>
		</point>
		<point id="B">
			<homogeneous_coordinates>
				<double>6.0</double>
				<double>-1.0</double>
				<double>1.0</double>
			</homogeneous_coordinates>
		</point>
		<conic id="c">
		</conic>
		<conic id="d">
		</conic>
		<point id="D">
			<homogeneous_coordinates>
				<double>1.6422184934614272</double>
				<double>1.1415421235036751</double>
				<double>1.0</double>
			</homogeneous_coordinates>
		</point>
		<conic id="e">
		</conic>
		<point id="I">
			<homogeneous_coordinates>
				<double>4.603485213419357</double>
				<double>-1.54749105094204</double>
				<double>1.0</double>
			</homogeneous_coordinates>
		</point>
		<point id="T">
			<homogeneous_coordinates>
				<double>3.122851853440392</double>
				<double>-0.20297446371918249</double>
				<double>1.0</double>
			</homogeneous_coordinates>
		</point>
	</elements>
	<constraints>
		<free_point>
			<point out="true">A</point>
		</free_point>
		<free_point>
			<point out="true">B</point>
		</free_point>
		<AlgoCirclePointRadius>
			<conic out="true">c</conic>
			<point>A</point>
			<numeric>2.0</numeric>
		</AlgoCirclePointRadius>
		<AlgoCirclePointRadius>
			<conic out="true">d</conic>
			<point>B</point>
			<numeric>1.5</numeric>
		</AlgoCirclePointRadius>
		<AlgoPointOnPath+GeoConic>
			<point out="true">D</point>
			<conic>c</conic>
		</AlgoPointOnPath+GeoConic>
		<AlgoCirclePointRadius>
			<conic out="true">e</conic>
			<point>D</point>
			<numeric>4.0</numeric>
		</AlgoCirclePointRadius>
		<AlgoIntersectSingle>
			<point out="true">I</point>
			<conic>d</conic>
			<conic>e</conic>
			<numeric>1.0</numeric>
		</AlgoIntersectSingle>
		<AlgoMidpoint>
			<point out="true">T</point>
			<point>D</point>
			<point>I</point>
		</AlgoMidpoint>
	</constraints>
</construction>
