<?xml version="1.0"?>
<!--
	Intergeo File Format Version 1.00.20080731
	written by GeoGebra 3.1.11.0 (July 31, 2008)
-->
<construction>
	<elements>
		<point id="A">
			<homogeneous_coordinates>
				<double>-2.4</double>
				<double>4.0</double>
				<double>1.0</double>
			</homogeneous_coordinates>
		</point>
		<point id="B">
			<homogeneous_coordinates>
				<double>2.28</double>
				<double>4.04</double>
				<double>1.0</double>
			</homogeneous_coordinates>
		</point>
		<line id="a">
			<homogeneous_coordinates>
				<double>-0.040000000000000036</double>
				<double>4.68</double>
				<double>-18.816</double>
			</homogeneous_coordinates>
		</line>
		<line id="b">
			<homogeneous_coordinates>
				<double>-4.68</double>
				<double>-0.040000000000000036</double>
				<double>10.831999999999999</double>
			</homogeneous_coordinates>
		</line>
		<line id="c">
			<homogeneous_coordinates>
				<double>-4.68</double>
				<double>-0.040000000000000036</double>
				<double>-11.072</double>
			</homogeneous_coordinates>
		</line>
		<point id="C">
			<homogeneous_coordinates>
				<double>0.32</double>
				<double>1.96</double>
				<double>1.0</double>
			</homogeneous_coordinates>
		</point>
		<line id="d">
			<homogeneous_coordinates>
				<double>2.04</double>
				<double>2.7199999999999998</double>
				<double>-5.984</double>
			</homogeneous_coordinates>
		</line>
		<line id="e">
			<homogeneous_coordinates>
				<double>-2.08</double>
				<double>1.9599999999999997</double>
				<double>-3.176</double>
			</homogeneous_coordinates>
		</line>
		<line id="f">
			<homogeneous_coordinates>
				<double>-4.68</double>
				<double>-0.040000000000000036</double>
				<double>1.576</double>
			</homogeneous_coordinates>
		</line>
		<point id="D">
			<homogeneous_coordinates>
				<double>29.223679999999995</double>
				<double>5.90784</double>
				<double>12.647999999999998</double>
			</homogeneous_coordinates>
		</point>
		<line id="g">
			<homogeneous_coordinates>
				<double>-0.5059200000000004</double>
				<double>59.19263999999999</double>
				<double>-26.479743999999997</double>
			</homogeneous_coordinates>
		</line>
		<point id="E">
			<homogeneous_coordinates>
				<double>-21.828159999999997</double>
				<double>-8.16608</double>
				<double>9.255999999999998</double>
			</homogeneous_coordinates>
		</point>
		<line id="h">
			<homogeneous_coordinates>
				<double>-0.3702400000000003</double>
				<double>43.31807999999999</double>
				<double>37.34412799999999</double>
			</homogeneous_coordinates>
		</line>
		<point id="F">
			<homogeneous_coordinates>
				<double>3357.5491937894385</double>
				<double>28.697001656320015</double>
				<double>7.105427357601002E-15</double>
			</homogeneous_coordinates>
		</point>
		<line id="k">
			<homogeneous_coordinates>
				<double>-28.697001656320015</double>
				<double>3357.5491937894385</double>
				<double>-6571.613379297277</double>
			</homogeneous_coordinates>
		</line>
	</elements>
	<constraints>
		<free_point>
			<point out="true">A</point>
		</free_point>
		<free_point>
			<point out="true">B</point>
		</free_point>
		<line_through_two_points>
			<line out="true">a</line>
			<point>A</point>
			<point>B</point>
		</line_through_two_points>
		<line_perpendicular_to_line_through_point>
			<line out="true">b</line>
			<point>B</point>
			<line>a</line>
		</line_perpendicular_to_line_through_point>
		<line_perpendicular_to_line_through_point>
			<line out="true">c</line>
			<point>A</point>
			<line>a</line>
		</line_perpendicular_to_line_through_point>
		<free_point>
			<point out="true">C</point>
		</free_point>
		<line_through_two_points>
			<line out="true">d</line>
			<point>A</point>
			<point>C</point>
		</line_through_two_points>
		<line_through_two_points>
			<line out="true">e</line>
			<point>C</point>
			<point>B</point>
		</line_through_two_points>
		<line_parallel_to_line_through_point>
			<line out="true">f</line>
			<point>C</point>
			<line>c</line>
		</line_parallel_to_line_through_point>
		<point_intersection_of_two_lines>
			<point out="true">D</point>
			<line>b</line>
			<line>d</line>
		</point_intersection_of_two_lines>
		<line_parallel_to_line_through_point>
			<line out="true">g</line>
			<point>D</point>
			<line>a</line>
		</line_parallel_to_line_through_point>
		<point_intersection_of_two_lines>
			<point out="true">E</point>
			<line>c</line>
			<line>e</line>
		</point_intersection_of_two_lines>
		<line_parallel_to_line_through_point>
			<line out="true">h</line>
			<point>E</point>
			<line>a</line>
		</line_parallel_to_line_through_point>
		<point_intersection_of_two_lines>
			<point out="true">F</point>
			<line>g</line>
			<line>h</line>
		</point_intersection_of_two_lines>
		<line_through_two_points>
			<line out="true">k</line>
			<point>C</point>
			<point>F</point>
		</line_through_two_points>
	</constraints>
	<display>
		<point id="C">
			<label>S_{AB}</label>
		</point>
	</display>
</construction>
