<?xml version="1.0"?>
<!--
	Intergeo File Format Version 1.00.20080731
	written by GeoGebra 3.1.11.0 (July 31, 2008)
-->
<construction>
	<elements>
		<line id="a">
			<homogeneous_coordinates>
				<double>0.0</double>
				<double>1.0</double>
				<double>-5.0</double>
			</homogeneous_coordinates>
		</line>
		<point id="A">
			<homogeneous_coordinates>
				<double>-1.0</double>
				<double>5.0</double>
				<double>1.0</double>
			</homogeneous_coordinates>
		</point>
		<point id="B">
			<homogeneous_coordinates>
				<double>-3.0</double>
				<double>3.0</double>
				<double>1.0</double>
			</homogeneous_coordinates>
		</point>
		<line id="b">
			<homogeneous_coordinates>
				<double>2.0</double>
				<double>-2.0</double>
				<double>12.0</double>
			</homogeneous_coordinates>
		</line>
		<line id="c">
			<homogeneous_coordinates>
				<double>0.9238795325112867</double>
				<double>0.3826834323650897</double>
				<double>-0.9895376293141618</double>
			</homogeneous_coordinates>
		</line>
		<line id="d">
			<homogeneous_coordinates>
				<double>-0.3826834323650897</double>
				<double>0.9238795325112867</double>
				<double>-5.0020810949215235</double>
			</homogeneous_coordinates>
		</line>
		<point id="C">
			<homogeneous_coordinates>
				<double>2.0</double>
				<double>1.0</double>
				<double>1.0</double>
			</homogeneous_coordinates>
		</point>
		<line id="e">
			<homogeneous_coordinates>
				<double>0.9974842088126424</double>
				<double>-0.07088902009067927</double>
				<double>1.3519293092660387</double>
			</homogeneous_coordinates>
		</line>
	</elements>
	<constraints>
		<free_line>
			<line out="true">a</line>
		</free_line>
		<point_on_line>
			<point out="true">A</point>
			<line>a</line>
		</point_on_line>
		<free_point>
			<point out="true">B</point>
		</free_point>
		<line_through_two_points>
			<line out="true">b</line>
			<point>A</point>
			<point>B</point>
		</line_through_two_points>
		<angular_bisectors_of_two_lines>
			<line out="true">c</line>
			<line out="true">d</line>
			<line>a</line>
			<line>b</line>
		</angular_bisectors_of_two_lines>
		<free_point>
			<point out="true">C</point>
		</free_point>
		<angular_bisector_of_three_points>
			<line out="true">e</line>
			<point>B</point>
			<point>A</point>
			<point>C</point>
		</angular_bisector_of_three_points>
	</constraints>
</construction>
