<?xml version="1.0" encoding="utf-8"?>
<geogebra format="2.5">
<gui>
	<show algebraView="false" auxiliaryObjects="true"/>
	<splitDivider loc="250" locVertical="400" horizontal="true"/>
	<font  size="14"/>
</gui>
<euclidianView>
	<coordSystem xZero="227.0" yZero="285.0" scale="30.0" yscale="30.0"/>
	<evSettings axes="false" grid="false" pointCapturing="true" pointStyle="0"/>
	<bgColor r="255" g="255" b="255"/>
	<axesColor r="64" g="64" b="64"/>
	<gridColor r="192" g="192" b="192"/>
	<lineStyle axes="1" grid="10"/>
	<axis id="0" label="" unitLabel="" showNumbers="true"/>
	<axis id="1" label="" unitLabel="" showNumbers="true"/>
</euclidianView>
<kernel>
	<decimals val="3"/>
	<angleUnit val="degree"/>
</kernel>
<construction title="" author="" date="">
<element type="point" label="A">
	<show object="true" label="false"/>
	<objColor r="102" g="102" b="102" alpha="0.0"/>
	<labelOffset x="-8" y="-7"/>
	<fixed val="true"/>
	<coords x="3.0" y="9.0" z="1.0"/>
	<coordStyle style="cartesian"/>
	<pointSize val="3"/>
</element>
<element type="point" label="B">
	<show object="true" label="false"/>
	<objColor r="102" g="102" b="102" alpha="0.0"/>
	<fixed val="true"/>
	<coords x="-1.0" y="5.0" z="1.0"/>
	<coordStyle style="cartesian"/>
	<pointSize val="3"/>
</element>
<command name="Segment">
	<input a0="A" a1="B"/>
	<output a0="a"/>
</command>
<element type="segment" label="a">
	<show object="true" label="false"/>
	<objColor r="102" g="102" b="102" alpha="0.0"/>
	<coords x="4.0" y="-4.0" z="24.0"/>
	<lineStyle thickness="4" type="0"/>
	<eqnStyle style="implicit"/>
<outlyingIntersections val="false"/></element>
<element type="point" label="C">
	<show object="true" label="false"/>
	<objColor r="102" g="102" b="102" alpha="0.0"/>
	<fixed val="true"/>
	<coords x="7.0" y="5.0" z="1.0"/>
	<coordStyle style="cartesian"/>
	<pointSize val="3"/>
</element>
<command name="Segment">
	<input a0="A" a1="C"/>
	<output a0="b"/>
</command>
<element type="segment" label="b">
	<show object="true" label="false"/>
	<objColor r="102" g="102" b="102" alpha="0.0"/>
	<coords x="4.0" y="4.0" z="-48.0"/>
	<lineStyle thickness="4" type="0"/>
	<eqnStyle style="implicit"/>
<outlyingIntersections val="false"/></element>
<element type="point" label="D">
	<show object="true" label="false"/>
	<objColor r="102" g="102" b="102" alpha="0.0"/>
	<labelOffset x="-16" y="0"/>
	<fixed val="true"/>
	<coords x="-3.0" y="1.0" z="1.0"/>
	<coordStyle style="cartesian"/>
	<pointSize val="3"/>
</element>
<command name="Segment">
	<input a0="B" a1="D"/>
	<output a0="c"/>
</command>
<element type="segment" label="c">
	<show object="true" label="false"/>
	<objColor r="102" g="102" b="102" alpha="0.0"/>
	<coords x="4.0" y="-2.0" z="14.0"/>
	<lineStyle thickness="4" type="0"/>
	<eqnStyle style="implicit"/>
<outlyingIntersections val="false"/></element>
<element type="point" label="E">
	<show object="true" label="false"/>
	<objColor r="102" g="102" b="102" alpha="0.0"/>
	<fixed val="true"/>
	<coords x="1.0" y="1.0" z="1.0"/>
	<coordStyle style="cartesian"/>
	<pointSize val="3"/>
</element>
<command name="Segment">
	<input a0="B" a1="E"/>
	<output a0="d"/>
</command>
<element type="segment" label="d">
	<show object="true" label="false"/>
	<objColor r="102" g="102" b="102" alpha="0.0"/>
	<coords x="4.0" y="2.0" z="-6.0"/>
	<lineStyle thickness="4" type="0"/>
	<eqnStyle style="implicit"/>
<outlyingIntersections val="false"/></element>
<element type="point" label="F">
	<show object="true" label="false"/>
	<objColor r="102" g="102" b="102" alpha="0.0"/>
	<labelOffset x="-10" y="-1"/>
	<fixed val="true"/>
	<coords x="5.0" y="1.0" z="1.0"/>
	<coordStyle style="cartesian"/>
	<pointSize val="3"/>
</element>
<command name="Segment">
	<input a0="C" a1="F"/>
	<output a0="e"/>
</command>
<element type="segment" label="e">
	<show object="true" label="false"/>
	<objColor r="102" g="102" b="102" alpha="0.0"/>
	<coords x="4.0" y="-2.0" z="-18.0"/>
	<lineStyle thickness="4" type="0"/>
	<eqnStyle style="implicit"/>
<outlyingIntersections val="false"/></element>
<element type="point" label="G">
	<show object="true" label="false"/>
	<objColor r="102" g="102" b="102" alpha="0.0"/>
	<fixed val="true"/>
	<coords x="9.0" y="1.0" z="1.0"/>
	<coordStyle style="cartesian"/>
	<pointSize val="3"/>
</element>
<command name="Segment">
	<input a0="C" a1="G"/>
	<output a0="f"/>
</command>
<element type="segment" label="f">
	<show object="true" label="false"/>
	<objColor r="102" g="102" b="102" alpha="0.0"/>
	<coords x="4.0" y="2.0" z="-38.0"/>
	<lineStyle thickness="4" type="0"/>
	<eqnStyle style="implicit"/>
<outlyingIntersections val="false"/></element>
<element type="numeric" label="p_1">
	<value val="0.30000000000000004"/>
	<slider min="0.0" max="1.0" width="4.0" x="11.866666666666665" y="6.333333333333333" fixed="true" horizontal="true"/>
	<show object="true" label="true"/>
	<objColor r="0" g="153" b="0" alpha="0.1"/>
	<labelOffset x="-12" y="-5"/>
	<labelMode val="1"/>
	<lineStyle thickness="2" type="0"/>
	<animation step="0.05"/>
	<fixed val="false"/>
</element>
<element type="numeric" label="p_2">
	<value val="0.8"/>
	<slider min="0.0" max="1.0" width="4.0" x="11.833333333333334" y="2.2" fixed="true" horizontal="true"/>
	<show object="true" label="true"/>
	<objColor r="153" g="102" b="0" alpha="0.1"/>
	<labelOffset x="-12" y="-3"/>
	<labelMode val="1"/>
	<lineStyle thickness="2" type="0"/>
	<animation step="0.05"/>
	<fixed val="false"/>
</element>
<expression label="T3" exp="&quot;&quot; + p_1" />
<element type="text" label="T3">
	<show object="true" label="true"/>
	<objColor r="0" g="153" b="0" alpha="0.0"/>
	<fixed val="true"/>
	<startPoint  x="-0.26666666666666666" y="6.9" z="1.0"/>
</element>
<expression label="T4" exp="&quot;&quot; + (1 - p_1)" />
<element type="text" label="T4">
	<show object="true" label="true"/>
	<objColor r="0" g="153" b="0" alpha="0.0"/>
	<fixed val="true"/>
	<startPoint  x="5.4" y="6.866666666666666" z="1.0"/>
</element>
<expression label="T5" exp="&quot;&quot; + p_2" />
<element type="text" label="T5">
	<show object="true" label="true"/>
	<objColor r="153" g="102" b="0" alpha="0.0"/>
	<fixed val="true"/>
	<startPoint  x="-3.433333333333333" y="2.6" z="1.0"/>
</element>
<expression label="T6" exp="&quot;&quot; + (1 - p_2)" />
<element type="text" label="T6">
	<show object="true" label="true"/>
	<objColor r="153" g="102" b="0" alpha="0.0"/>
	<fixed val="true"/>
	<startPoint  x="0.40000000000000024" y="2.6" z="1.0"/>
</element>
<expression label="T7" exp="&quot;&quot; + p_2" />
<element type="text" label="T7">
	<show object="true" label="true"/>
	<objColor r="153" g="102" b="0" alpha="0.0"/>
	<fixed val="true"/>
	<startPoint  x="4.633333333333334" y="2.6333333333333333" z="1.0"/>
</element>
<expression label="T8" exp="&quot;&quot; + (1 - p_2)" />
<element type="text" label="T8">
	<show object="true" label="true"/>
	<objColor r="153" g="102" b="0" alpha="0.0"/>
	<fixed val="true"/>
	<startPoint  x="8.400000000000002" y="2.6666666666666674" z="1.0"/>
</element>
<expression label="T15" exp="&quot;&quot; + (p_1 p_2)" />
<element type="text" label="T15">
	<show object="true" label="true"/>
	<objColor r="102" g="102" b="102" alpha="0.0"/>
	<fixed val="true"/>
	<startPoint  x="-2.6666666666666674" y="0.43333333333333324" z="1.0"/>
</element>
<expression label="T16" exp="&quot;&quot; + (p_1 (1 - p_2))" />
<element type="text" label="T16">
	<show object="true" label="true"/>
	<objColor r="102" g="102" b="102" alpha="0.0"/>
	<fixed val="true"/>
	<startPoint  x="1.2666666666666666" y="0.43333333333333335" z="1.0"/>
</element>
<expression label="T17" exp="&quot;&quot; + ((1 - p_1) p_2)" />
<element type="text" label="T17">
	<show object="true" label="true"/>
	<objColor r="102" g="102" b="102" alpha="0.0"/>
	<fixed val="true"/>
	<startPoint  x="5.4" y="0.46666666666666656" z="1.0"/>
</element>
<expression label="T18" exp="&quot;&quot; + ((1 - p_1) (1 - p_2))" />
<element type="text" label="T18">
	<show object="true" label="true"/>
	<objColor r="102" g="102" b="102" alpha="0.0"/>
	<fixed val="true"/>
	<startPoint  x="9.400000000000002" y="0.4666666666666667" z="1.0"/>
</element>
<element type="point" label="H">
	<show object="true" label="false"/>
	<objColor r="102" g="102" b="102" alpha="0.0"/>
	<fixed val="true"/>
	<coords x="-4.0" y="-3.0" z="1.0"/>
	<coordStyle style="cartesian"/>
	<pointSize val="3"/>
</element>
<command name="Segment">
	<input a0="D" a1="H"/>
	<output a0="g"/>
</command>
<element type="segment" label="g">
	<show object="true" label="false"/>
	<objColor r="0" g="0" b="0" alpha="0.0"/>
	<coords x="4.0" y="-1.0" z="13.0"/>
	<lineStyle thickness="2" type="0"/>
	<eqnStyle style="implicit"/>
<outlyingIntersections val="false"/></element>
<element type="point" label="I">
	<show object="true" label="false"/>
	<objColor r="102" g="102" b="102" alpha="0.0"/>
	<fixed val="true"/>
	<coords x="-2.0" y="-3.0" z="1.0"/>
	<coordStyle style="cartesian"/>
	<pointSize val="3"/>
</element>
<command name="Segment">
	<input a0="D" a1="I"/>
	<output a0="h"/>
</command>
<element type="segment" label="h">
	<show object="true" label="false"/>
	<objColor r="0" g="0" b="0" alpha="0.0"/>
	<coords x="4.0" y="1.0" z="11.0"/>
	<lineStyle thickness="2" type="0"/>
	<eqnStyle style="implicit"/>
<outlyingIntersections val="false"/></element>
<element type="point" label="J">
	<show object="true" label="false"/>
	<objColor r="102" g="102" b="102" alpha="0.0"/>
	<fixed val="true"/>
	<coords x="0.0" y="-3.0" z="1.0"/>
	<coordStyle style="cartesian"/>
	<pointSize val="3"/>
</element>
<command name="Segment">
	<input a0="E" a1="J"/>
	<output a0="i"/>
</command>
<element type="segment" label="i">
	<show object="true" label="false"/>
	<objColor r="0" g="0" b="0" alpha="0.0"/>
	<coords x="4.0" y="-1.0" z="-3.0"/>
	<lineStyle thickness="2" type="0"/>
	<eqnStyle style="implicit"/>
<outlyingIntersections val="false"/></element>
<element type="point" label="K">
	<show object="true" label="false"/>
	<objColor r="102" g="102" b="102" alpha="0.0"/>
	<fixed val="true"/>
	<coords x="2.0" y="-3.0" z="1.0"/>
	<coordStyle style="cartesian"/>
	<pointSize val="3"/>
</element>
<command name="Segment">
	<input a0="E" a1="K"/>
	<output a0="j"/>
</command>
<element type="segment" label="j">
	<show object="true" label="false"/>
	<objColor r="0" g="0" b="0" alpha="0.0"/>
	<coords x="4.0" y="1.0" z="-5.0"/>
	<lineStyle thickness="2" type="0"/>
	<eqnStyle style="implicit"/>
<outlyingIntersections val="false"/></element>
<element type="point" label="L">
	<show object="true" label="false"/>
	<objColor r="102" g="102" b="102" alpha="0.0"/>
	<fixed val="true"/>
	<coords x="4.0" y="-3.0" z="1.0"/>
	<coordStyle style="cartesian"/>
	<pointSize val="3"/>
</element>
<command name="Segment">
	<input a0="F" a1="L"/>
	<output a0="k"/>
</command>
<element type="segment" label="k">
	<show object="true" label="false"/>
	<objColor r="0" g="0" b="0" alpha="0.0"/>
	<coords x="4.0" y="-1.0" z="-19.0"/>
	<lineStyle thickness="2" type="0"/>
	<eqnStyle style="implicit"/>
<outlyingIntersections val="false"/></element>
<element type="point" label="M">
	<show object="true" label="false"/>
	<objColor r="102" g="102" b="102" alpha="0.0"/>
	<fixed val="true"/>
	<coords x="6.0" y="-3.0" z="1.0"/>
	<coordStyle style="cartesian"/>
	<pointSize val="3"/>
</element>
<command name="Segment">
	<input a0="F" a1="M"/>
	<output a0="l"/>
</command>
<element type="segment" label="l">
	<show object="true" label="false"/>
	<objColor r="0" g="0" b="0" alpha="0.0"/>
	<coords x="4.0" y="1.0" z="-21.0"/>
	<lineStyle thickness="2" type="0"/>
	<eqnStyle style="implicit"/>
<outlyingIntersections val="false"/></element>
<element type="point" label="N">
	<show object="true" label="false"/>
	<objColor r="102" g="102" b="102" alpha="0.0"/>
	<fixed val="true"/>
	<coords x="8.0" y="-3.0" z="1.0"/>
	<coordStyle style="cartesian"/>
	<pointSize val="3"/>
</element>
<command name="Segment">
	<input a0="G" a1="N"/>
	<output a0="m"/>
</command>
<element type="segment" label="m">
	<show object="true" label="false"/>
	<objColor r="0" g="0" b="0" alpha="0.0"/>
	<coords x="4.0" y="-1.0" z="-35.0"/>
	<lineStyle thickness="2" type="0"/>
	<eqnStyle style="implicit"/>
<outlyingIntersections val="false"/></element>
<element type="point" label="O">
	<show object="true" label="false"/>
	<objColor r="102" g="102" b="102" alpha="0.0"/>
	<fixed val="true"/>
	<coords x="10.0" y="-3.0" z="1.0"/>
	<coordStyle style="cartesian"/>
	<pointSize val="3"/>
</element>
<command name="Segment">
	<input a0="G" a1="O"/>
	<output a0="n"/>
</command>
<element type="segment" label="n">
	<show object="true" label="false"/>
	<objColor r="0" g="0" b="0" alpha="0.0"/>
	<coords x="4.0" y="1.0" z="-37.0"/>
	<lineStyle thickness="2" type="0"/>
	<eqnStyle style="implicit"/>
<outlyingIntersections val="false"/></element>
<expression label="T19" exp="&quot;&quot; + p_1" />
<element type="text" label="T19">
	<show object="true" label="true"/>
	<objColor r="102" g="102" b="102" alpha="0.0"/>
	<fixed val="true"/>
	<startPoint  x="-0.30000000000000004" y="4.499999999999999" z="1.0"/>
</element>
<expression label="T20" exp="&quot;&quot; + (1 - p_1)" />
<element type="text" label="T20">
	<show object="true" label="true"/>
	<objColor r="102" g="102" b="102" alpha="0.0"/>
	<fixed val="true"/>
	<startPoint  x="7.6" y="4.533333333333333" z="1.0"/>
</element>
<expression label="T9" exp="&quot;W&quot;"/>
<element type="text" label="T9">
	<show object="true" label="true"/>
	<objColor r="0" g="153" b="0" alpha="0.1"/>
	<labelMode val="1"/>
	<fixed val="true"/>
	<startPoint exp="B"/>
	<labelOffset x="28" y="-5"/>
</element>
<expression label="T10" exp="&quot;F&quot;"/>
<element type="text" label="T10">
	<show object="true" label="true"/>
	<objColor r="0" g="153" b="0" alpha="0.1"/>
	<labelMode val="1"/>
	<fixed val="true"/>
	<startPoint exp="C"/>
	<labelOffset x="25" y="-5"/>
</element>
<expression label="T11" exp="&quot;W&quot;"/>
<element type="text" label="T11">
	<show object="true" label="true"/>
	<objColor r="153" g="102" b="0" alpha="0.1"/>
	<labelMode val="1"/>
	<fixed val="true"/>
	<startPoint exp="D"/>
	<labelOffset x="12" y="0"/>
</element>
<expression label="T12" exp="&quot;F&quot;"/>
<element type="text" label="T12">
	<show object="true" label="true"/>
	<objColor r="153" g="102" b="0" alpha="0.1"/>
	<labelMode val="1"/>
	<fixed val="true"/>
	<startPoint exp="E"/>
	<labelOffset x="8" y="-1"/>
</element>
<expression label="T13" exp="&quot;W&quot;"/>
<element type="text" label="T13">
	<show object="true" label="true"/>
	<objColor r="153" g="102" b="0" alpha="0.1"/>
	<labelMode val="1"/>
	<fixed val="true"/>
	<startPoint exp="F"/>
	<labelOffset x="13" y="-2"/>
</element>
<expression label="T14" exp="&quot;F&quot;"/>
<element type="text" label="T14">
	<show object="true" label="true"/>
	<objColor r="153" g="102" b="0" alpha="0.1"/>
	<labelMode val="1"/>
	<fixed val="true"/>
	<startPoint exp="G"/>
	<labelOffset x="15" y="-2"/>
</element>
<element type="numeric" label="p_3">
	<value val="0.4"/>
	<slider min="0.0" max="1.0" width="4.0" x="11.899999999999999" y="-1.8" fixed="true" horizontal="true"/>
	<show object="true" label="true"/>
	<objColor r="0" g="0" b="204" alpha="0.0"/>
	<labelOffset x="-12" y="-2"/>
	<labelMode val="1"/>
	<lineStyle thickness="2" type="0"/>
	<animation step="0.05"/>
	<fixed val="false"/>
</element>
<expression label="T21" exp="&quot;&quot; + p_3" />
<element type="text" label="T21">
	<show object="true" label="true"/>
	<objColor r="0" g="0" b="204" alpha="0.0"/>
	<fixed val="true"/>
	<startPoint  x="-4.633333333333335" y="-1.4" z="1.0"/>
</element>
<expression label="T22" exp="&quot;&quot; + p_3" />
<element type="text" label="T22">
	<show object="true" label="true"/>
	<objColor r="0" g="0" b="204" alpha="0.0"/>
	<fixed val="true"/>
	<startPoint  x="-0.6" y="-1.4000000000000001" z="1.0"/>
</element>
<expression label="T23" exp="&quot;&quot; + p_3" />
<element type="text" label="T23">
	<show object="true" label="true"/>
	<objColor r="0" g="0" b="204" alpha="0.0"/>
	<fixed val="true"/>
	<startPoint  x="3.4" y="-1.4" z="1.0"/>
</element>
<expression label="T24" exp="&quot;&quot; + p_3" />
<element type="text" label="T24">
	<show object="true" label="true"/>
	<objColor r="0" g="0" b="204" alpha="0.0"/>
	<fixed val="true"/>
	<startPoint  x="7.3999999999999995" y="-1.4000000000000001" z="1.0"/>
</element>
<expression label="T25" exp="&quot;&quot; + (1 - p_3)" />
<element type="text" label="T25">
	<show object="true" label="true"/>
	<objColor r="0" g="0" b="204" alpha="0.0"/>
	<fixed val="true"/>
	<startPoint  x="-2.3333333333333335" y="-1.4000000000000001" z="1.0"/>
</element>
<expression label="T26" exp="&quot;&quot; + (1 - p_3)" />
<element type="text" label="T26">
	<show object="true" label="true"/>
	<objColor r="0" g="0" b="204" alpha="0.0"/>
	<fixed val="true"/>
	<startPoint  x="1.7" y="-1.4000000000000001" z="1.0"/>
</element>
<expression label="T27" exp="&quot;&quot; + (1 - p_3)" />
<element type="text" label="T27">
	<show object="true" label="true"/>
	<objColor r="0" g="0" b="204" alpha="0.0"/>
	<fixed val="true"/>
	<startPoint  x="5.7" y="-1.4000000000000001" z="1.0"/>
</element>
<expression label="T28" exp="&quot;&quot; + (1 - p_3)" />
<element type="text" label="T28">
	<show object="true" label="true"/>
	<objColor r="0" g="0" b="204" alpha="0.0"/>
	<fixed val="true"/>
	<startPoint  x="9.7" y="-1.4000000000000001" z="1.0"/>
</element>
<expression label="T30" exp="&quot;W&quot;"/>
<element type="text" label="T30">
	<show object="true" label="true"/>
	<objColor r="0" g="0" b="204" alpha="0.0"/>
	<fixed val="true"/>
	<startPoint exp="H"/>
	<labelOffset x="7" y="-3"/>
</element>
<expression label="T31" exp="&quot;F&quot;"/>
<element type="text" label="T31">
	<show object="true" label="true"/>
	<objColor r="0" g="0" b="204" alpha="0.0"/>
	<fixed val="true"/>
	<startPoint exp="I"/>
	<labelOffset x="7" y="-3"/>
</element>
<expression label="T32" exp="&quot;W&quot;"/>
<element type="text" label="T32">
	<show object="true" label="true"/>
	<objColor r="0" g="0" b="204" alpha="0.0"/>
	<fixed val="true"/>
	<startPoint exp="J"/>
	<labelOffset x="8" y="-3"/>
</element>
<expression label="T33" exp="&quot;F&quot;"/>
<element type="text" label="T33">
	<show object="true" label="true"/>
	<objColor r="0" g="0" b="204" alpha="0.0"/>
	<fixed val="true"/>
	<startPoint exp="K"/>
	<labelOffset x="6" y="-3"/>
</element>
<expression label="T34" exp="&quot;W&quot;"/>
<element type="text" label="T34">
	<show object="true" label="true"/>
	<objColor r="0" g="0" b="204" alpha="0.0"/>
	<fixed val="true"/>
	<startPoint exp="L"/>
	<labelOffset x="8" y="-3"/>
</element>
<expression label="T35" exp="&quot;F&quot;"/>
<element type="text" label="T35">
	<show object="true" label="true"/>
	<objColor r="0" g="0" b="204" alpha="0.0"/>
	<fixed val="true"/>
	<startPoint exp="M"/>
	<labelOffset x="7" y="-3"/>
</element>
<expression label="T36" exp="&quot;W&quot;"/>
<element type="text" label="T36">
	<show object="true" label="true"/>
	<objColor r="0" g="0" b="204" alpha="0.0"/>
	<fixed val="true"/>
	<startPoint exp="N"/>
	<labelOffset x="9" y="-3"/>
</element>
<expression label="T37" exp="&quot;F&quot;"/>
<element type="text" label="T37">
	<show object="true" label="true"/>
	<objColor r="0" g="0" b="204" alpha="0.0"/>
	<fixed val="true"/>
	<startPoint exp="O"/>
	<labelOffset x="7" y="-3"/>
</element>
<expression label="T38" exp="&quot;&quot; + (p_1 p_2 p_3)" />
<element type="text" label="T38">
	<show object="true" label="true"/>
	<objColor r="204" g="0" b="0" alpha="0.0"/>
	<fixed val="true"/>
	<startPoint exp="H"/>
	<labelOffset x="-10" y="22"/>
</element>
<expression label="T39" exp="&quot;&quot; + (p_1 p_2 (1 - p_3))" />
<element type="text" label="T39">
	<show object="true" label="true"/>
	<objColor r="204" g="0" b="0" alpha="0.0"/>
	<fixed val="true"/>
	<startPoint exp="I"/>
	<labelOffset x="-9" y="22"/>
</element>
<expression label="T40" exp="&quot;&quot; + (p_1 (1 - p_2) p_3)" />
<element type="text" label="T40">
	<show object="true" label="true"/>
	<objColor r="204" g="0" b="0" alpha="0.0"/>
	<fixed val="true"/>
	<startPoint exp="J"/>
	<labelOffset x="-7" y="22"/>
</element>
<expression label="T41" exp="&quot;&quot; + (p_1 (1 - p_2) (1 - p_3))" />
<element type="text" label="T41">
	<show object="true" label="true"/>
	<objColor r="204" g="0" b="0" alpha="0.0"/>
	<fixed val="true"/>
	<startPoint exp="K"/>
	<labelOffset x="-6" y="22"/>
</element>
<expression label="T42" exp="&quot;&quot; + ((1 - p_1) p_2 p_3)" />
<element type="text" label="T42">
	<show object="true" label="true"/>
	<objColor r="204" g="0" b="0" alpha="0.0"/>
	<fixed val="true"/>
	<startPoint exp="L"/>
	<labelOffset x="-8" y="22"/>
</element>
<expression label="T43" exp="&quot;&quot; + ((1 - p_1) p_2 (1 - p_3))" />
<element type="text" label="T43">
	<show object="true" label="true"/>
	<objColor r="204" g="0" b="0" alpha="0.0"/>
	<fixed val="true"/>
	<startPoint exp="M"/>
	<labelOffset x="-6" y="22"/>
</element>
<expression label="T44" exp="&quot;&quot; + ((1 - p_1) (1 - p_2) p_3)" />
<element type="text" label="T44">
	<show object="true" label="true"/>
	<objColor r="204" g="0" b="0" alpha="0.0"/>
	<fixed val="true"/>
	<startPoint exp="N"/>
	<labelOffset x="-3" y="22"/>
</element>
<expression label="T45" exp="&quot;&quot; + ((1 - p_1) (1 - p_2) (1 - p_3))" />
<element type="text" label="T45">
	<show object="true" label="true"/>
	<objColor r="204" g="0" b="0" alpha="0.0"/>
	<fixed val="true"/>
	<startPoint exp="O"/>
	<labelOffset x="-3" y="22"/>
</element>
<expression label="T1" exp="&quot;1. Stufe&quot;"/>
<element type="text" label="T1">
	<show object="true" label="true"/>
	<objColor r="0" g="153" b="0" alpha="0.1"/>
	<labelMode val="1"/>
	<fixed val="true"/>
	<startPoint  x="-6.9333333333333345" y="8.366666666666667" z="1.0"/>
</element>
<expression label="T2" exp="&quot;2. Stufe&quot;"/>
<element type="text" label="T2">
	<show object="true" label="true"/>
	<objColor r="153" g="102" b="0" alpha="0.1"/>
	<labelMode val="1"/>
	<fixed val="true"/>
	<startPoint  x="-6.833333333333332" y="4.500000000000001" z="1.0"/>
</element>
<expression label="T29" exp="&quot;3. Stufe&quot;"/>
<element type="text" label="T29">
	<show object="true" label="true"/>
	<objColor r="0" g="0" b="204" alpha="0.0"/>
	<fixed val="true"/>
	<absoluteScreenLocation  x="20" y="272"/>
</element>
</construction>
</geogebra>