<?xml version="1.0" encoding="utf-8"?>
<geogebra format="2.3">
<gui>
	<show algebraView="false"/>
	<font  size="14"/>
</gui>
<euclidianView>
	<coordSystem xZero="30.0" yZero="321.0" scale="30.0"/>
	<evSettings axes="false" grid="false" pointCapturing="false"/>
</euclidianView>
<kernel>
	<decimals val="0"/>
	<angleUnit val="degree"/>
</kernel>
<construction title="Höhenschnittpunkt" author="" date="">
<element type="point" label="A">
	<show object="true" label="true"/>
	<objColor r="0" g="0" b="255" alpha="0.0"/>
	<labelOffset x="-27" y="13"/>
	<animation step="0.1"/>
	<fixed val="false"/>
	<coords x="2.1" y="-0.9" z="1.0"/>
	<coordStyle style="cartesian"/>
	<pointSize val="3"/>
</element>
<element type="point" label="B">
	<show object="true" label="true"/>
	<objColor r="0" g="0" b="255" alpha="0.0"/>
	<labelOffset x="9" y="9"/>
	<animation step="0.1"/>
	<fixed val="false"/>
	<coords x="11.833333333333334" y="1.9" z="1.0"/>
	<coordStyle style="cartesian"/>
	<pointSize val="3"/>
</element>
<element type="point" label="C">
	<show object="true" label="true"/>
	<objColor r="0" g="0" b="255" alpha="0.0"/>
	<labelOffset x="-5" y="-3"/>
	<animation step="0.1"/>
	<fixed val="false"/>
	<coords x="8.633333333333333" y="8.233333333333333" z="1.0"/>
	<coordStyle style="cartesian"/>
	<pointSize val="3"/>
</element>
<command name="Polygon">
	<input a0="A" a1="B" a2="C"/>
	<output a0="P" a1="c" a2="a" a3="b"/>
</command>
<element type="function" label="P">
	<show object="true" label="false"/>
	<objColor r="153" g="51" b="0" alpha="0.1"/>
</element>
<element type="segment" label="c">
	<show object="true" label="true"/>
	<objColor r="153" g="51" b="0" alpha="0.0"/>
	<labelOffset x="3" y="3"/>
	<coords x="-2.8" y="9.733333333333334" z="14.64"/>
	<lineStyle thickness="3" type="0"/>
	<eqnStyle style="implicit"/>
</element>
<element type="segment" label="a">
	<show object="true" label="true"/>
	<objColor r="153" g="51" b="0" alpha="0.0"/>
	<labelOffset x="-9" y="2"/>
	<coords x="-6.333333333333332" y="-3.200000000000001" z="81.02444444444444"/>
	<lineStyle thickness="3" type="0"/>
	<eqnStyle style="implicit"/>
</element>
<element type="segment" label="b">
	<show object="true" label="true"/>
	<objColor r="153" g="51" b="0" alpha="0.0"/>
	<coords x="9.133333333333333" y="-6.533333333333333" z="-25.06"/>
	<lineStyle thickness="3" type="0"/>
	<eqnStyle style="implicit"/>
</element>
<command name="OrthogonalLine">
	<input a0="A" a1="a"/>
	<output a0="h_a"/>
</command>
<element type="line" label="h_a">
	<show object="false" label="true"/>
	<objColor r="102" g="102" b="102" alpha="0.0"/>
	<labelOffset x="34" y="1"/>
	<coords x="3.200000000000001" y="-6.333333333333332" z="-12.420000000000002"/>
	<lineStyle thickness="2" type="0"/>
	<eqnStyle style="implicit"/>
</element>
<command name="OrthogonalLine">
	<input a0="B" a1="b"/>
	<output a0="h_b"/>
</command>
<element type="line" label="h_b">
	<show object="false" label="true"/>
	<objColor r="102" g="102" b="102" alpha="0.0"/>
	<labelOffset x="7" y="7"/>
	<coords x="6.533333333333333" y="9.133333333333333" z="-94.66444444444446"/>
	<lineStyle thickness="2" type="0"/>
	<eqnStyle style="implicit"/>
</element>
<command name="Intersect">
	<input a0="h_b" a1="h_a"/>
	<output a0="H"/>
</command>
<element type="point" label="H">
	<show object="true" label="true"/>
	<objColor r="204" g="0" b="0" alpha="0.0"/>
	<labelOffset x="-3" y="-2"/>
	<fixed val="false"/>
	<coords x="-712.9774814814815" y="-221.78222222222234" z="-70.60444444444444"/>
	<coordStyle style="cartesian"/>
	<pointSize val="3"/>
</element>
<command name="LineBisector">
	<input a0="a"/>
	<output a0="d"/>
</command>
<element type="line" label="d">
	<show object="false" label="true"/>
	<objColor r="0" g="0" b="0" alpha="0.0"/>
	<coords x="3.200000000000001" y="-6.333333333333332" z="-0.6577777777778024"/>
	<lineStyle thickness="2" type="0"/>
	<eqnStyle style="implicit"/>
</element>
<command name="LineBisector">
	<input a0="c"/>
	<output a0="p"/>
</command>
<element type="line" label="p">
	<show object="false" label="true"/>
	<objColor r="0" g="0" b="0" alpha="0.0"/>
	<coords x="-9.733333333333334" y="-2.8" z="69.20888888888891"/>
	<lineStyle thickness="2" type="0"/>
	<eqnStyle style="implicit"/>
</element>
<command name="Intersect">
	<input a0="p" a1="d"/>
	<output a0="U"/>
</command>
<element type="point" label="U">
	<show object="true" label="true"/>
	<objColor r="0" g="0" b="204" alpha="0.0"/>
	<labelOffset x="-1" y="-2"/>
	<fixed val="false"/>
	<coords x="440.16474074074085" y="215.06607407407395" z="70.60444444444444"/>
	<coordStyle style="cartesian"/>
	<pointSize val="3"/>
</element>
<command name="Midpoint">
	<input a0="B" a1="C"/>
	<output a0="D"/>
</command>
<element type="point" label="D">
	<show object="false" label="true"/>
	<objColor r="64" g="64" b="64" alpha="0.0"/>
	<fixed val="false"/>
	<coords x="10.233333333333334" y="5.066666666666666" z="1.0"/>
	<coordStyle style="cartesian"/>
	<pointSize val="3"/>
</element>
<command name="Midpoint">
	<input a0="A" a1="B"/>
	<output a0="E"/>
</command>
<element type="point" label="E">
	<show object="false" label="true"/>
	<objColor r="64" g="64" b="64" alpha="0.0"/>
	<fixed val="false"/>
	<coords x="6.966666666666667" y="0.49999999999999994" z="1.0"/>
	<coordStyle style="cartesian"/>
	<pointSize val="3"/>
</element>
<command name="Segment">
	<input a0="A" a1="D"/>
	<output a0="f"/>
</command>
<element type="segment" label="f">
	<show object="false" label="true"/>
	<objColor r="0" g="0" b="0" alpha="0.0"/>
	<coords x="-5.966666666666667" y="8.133333333333335" z="19.85"/>
	<lineStyle thickness="2" type="0"/>
	<eqnStyle style="implicit"/>
</element>
<command name="Segment">
	<input a0="E" a1="C"/>
	<output a0="g"/>
</command>
<element type="segment" label="g">
	<show object="false" label="true"/>
	<objColor r="0" g="0" b="0" alpha="0.0"/>
	<coords x="-7.7333333333333325" y="1.666666666666666" z="53.04222222222222"/>
	<lineStyle thickness="2" type="0"/>
	<eqnStyle style="implicit"/>
</element>
<command name="Intersect">
	<input a0="g" a1="f"/>
	<output a0="S"/>
</command>
<element type="point" label="S">
	<show object="true" label="true"/>
	<objColor r="153" g="102" b="0" alpha="0.0"/>
	<labelOffset x="-4" y="-3"/>
	<fixed val="false"/>
	<coords x="-398.32674074074083" y="-162.97859259259258" z="-52.95333333333334"/>
	<coordStyle style="cartesian"/>
	<pointSize val="3"/>
</element>
<command name="AngularBisector">
	<input a0="C" a1="B" a2="A"/>
	<output a0="h"/>
</command>
<element type="line" label="h">
	<show object="false" label="true"/>
	<objColor r="0" g="0" b="0" alpha="0.0"/>
	<coords x="-0.3999108186238099" y="-0.9165540557695626" z="6.47373072634392"/>
	<lineStyle thickness="2" type="0"/>
	<eqnStyle style="implicit"/>
</element>
<command name="AngularBisector">
	<input a0="A" a1="C" a2="B"/>
	<output a0="i"/>
</command>
<element type="line" label="i">
	<show object="false" label="true"/>
	<objColor r="0" g="0" b="0" alpha="0.0"/>
	<coords x="0.9970718481427305" y="-0.07647044946408857" z="-7.978446921711243"/>
	<lineStyle thickness="2" type="0"/>
	<eqnStyle style="implicit"/>
</element>
<command name="Intersect">
	<input a0="i" a1="h"/>
	<output a0="I"/>
</command>
<element type="point" label="I">
	<show object="true" label="true"/>
	<objColor r="51" g="153" b="0" alpha="0.0"/>
	<fixed val="false"/>
	<coords x="-7.807726983189622" y="-3.2641074198859537" z="-0.9444516063545875"/>
	<coordStyle style="cartesian"/>
	<pointSize val="3"/>
</element>
<command name="Line">
	<input a0="U" a1="H"/>
	<output a0="e"/>
</command>
<element type="line" label="e">
	<show object="true" label="true"/>
	<objColor r="51" g="51" b="51" alpha="0.0"/>
	<coords x="474.18990880660203" y="-19261.791997366247" z="55716.55350009311"/>
	<lineStyle thickness="2" type="0"/>
	<eqnStyle style="implicit"/>
</element>
</construction>
</geogebra>